Frequency (Hz),Channel 1 Magnitude (dB),Channel 2 Magnitude (dB),Channel 2 Phase (deg)
100,-0.02404579417368012,-11.25109234828291,-41.87431264393797
100.9252886076684,-0.023874950737311,-11.29390453385194,-41.89772368035504
101.8591388054117,-0.02380007438258827,-11.33608854283052,-41.94154669365133
102.8016298126473,-0.02390548088124644,-11.36977840594487,-41.95604279984236
103.7528415818013,-0.02459782132028721,-11.41014306202504,-41.98468004443899
104.71285480509,-0.0244448966772541,-11.45256031435513,-42.02912364187369
105.6817509213658,-0.02346070002140822,-11.49136335882111,-42.0650530066077
106.6596121230258,-0.02478489992288777,-11.53114905081911,-42.07740438632292
107.6465213629835,-0.02370580358979908,-11.57283099842192,-42.09760865362404
108.6425623617066,-0.02347158139331252,-11.60987412467847,-42.13875386924963
109.6478196143185,-0.02435392089599498,-11.64917800042215,-42.16853954160105
110.6623783977666,-0.02472742711200585,-11.69094519000893,-42.20975167008081
111.6863247780561,-0.02465769292865245,-11.72891342412352,-42.21235148891644
112.719745617551,-0.02460968936418402,-11.76683143363843,-42.26879494071189
113.7627285823431,-0.0246912245407209,-11.80826994092541,-42.26878493883589
114.8153621496883,-0.02335159587144585,-11.85120957417868,-42.31174609244602
115.8777356155126,-0.02428229314581105,-11.88672283220261,-42.33021214775599
116.9499391019871,-0.02452792079920862,-11.93061751129493,-42.33693230969172
118.032063565173,-0.02527294177008954,-11.96697751262848,-42.36938737334953
119.1242008027375,-0.02348720544619749,-12.00888564744357,-42.38480350649552
120.2264434617413,-0.02359164135957821,-12.04945991196503,-42.43778374135461
121.3388850464977,-0.02257205293630202,-12.08937895939901,-42.44184995602785
122.4616199265049,-0.02366454607620275,-12.12995313684639,-42.48268603292547
123.5947433444511,-0.0237406057292135,-12.17015174811943,-42.51190691523305
124.7383514242943,-0.02405819549144609,-12.21488737403515,-42.51465190569091
125.8925411794167,-0.02344484585732862,-12.25426370015363,-42.53299336132942
127.0574105208542,-0.02391290103006955,-12.29271205088319,-42.57441042123255
128.2330582656022,-0.02437350967897272,-12.33555917119175,-42.57188705503087
129.4195841449986,-0.02440432167973144,-12.37564561847885,-42.61966946475158
130.6170888131842,-0.02435101109686195,-12.41315593306304,-42.6319364047731
131.8256738556407,-0.02474143573176183,-12.45456828990633,-42.65140635174653
133.0454417978092,-0.02492603204674055,-12.49806146233986,-42.67302279157539
134.2764961137864,-0.02405688504738597,-12.53620717185684,-42.67267685843107
135.5189412351036,-0.02469713371333941,-12.57438727415746,-42.69562036532511
136.7728825595849,-0.02290673807044983,-12.61824475005311,-42.72231280143575
138.0384264602885,-0.02442102908042377,-12.66010113909787,-42.73324213578255
139.3156802945304,-0.02456521156246389,-12.69718347657278,-42.77134329890798
140.6047524129914,-0.02354076959129779,-12.73979256615044,-42.76014720307808
141.9057521689093,-0.02511806159743915,-12.77942158265708,-42.78798738080545
143.2187899273544,-0.02570175402986833,-12.81971728610653,-42.79685891456027
144.5439770745928,-0.02578319897184169,-12.86383713750203,-42.80716980548824
145.8814260275349,-0.023889426725646,-12.89986590755863,-42.84496973062096
147.2312502432719,-0.02492753587168045,-12.94371160687573,-42.86664749063941
148.5935642287007,-0.02360854919524791,-12.98506852876817,-42.86831298322369
149.9684835502374,-0.02397800094419625,-13.02768041256186,-42.84763308176652
151.3561248436209,-0.02462078373766288,-13.06940429176866,-42.91135998754413
152.7566058238073,-0.02426614710865557,-13.11217829236788,-42.91709932025739
154.170045294956,-0.02413561963737579,-13.15138491460955,-42.93151384725942
155.5965631605075,-0.02386480532075019,-13.19127032829834,-42.95752702190181
157.0362804333553,-0.02444101917523619,-13.22940010798855,-42.97329969009253
158.4893192461114,-0.02491086655014752,-13.27370245883958,-42.97865346566681
159.955802861467,-0.02366873914846622,-13.31645964847876,-42.99043121887455
161.4358556826487,-0.02387727764527602,-13.35651986224474,-43.02286307358462
162.9296032639723,-0.02417664100032308,-13.40048372987777,-43.0325394806148
164.4371723214932,-0.02387299554133009,-13.43306105960476,-43.0104567700306
165.9586907437562,-0.02385440485755705,-13.47219773784761,-43.0440518854489
167.4942876026438,-0.02344335496990796,-13.51973432243926,-43.05042546569556
169.0440931643265,-0.02362173605381172,-13.5586954999909,-43.06928345565567
170.6082389003124,-0.02304465822342814,-13.60006901337448,-43.07929403633115
172.1868574986006,-0.02482482715697117,-13.64659496838218,-43.10981768904529
173.7800828749376,-0.02368442192022464,-13.68300202666402,-43.12801452806269
175.388050184176,-0.02481523420600243,-13.72439467998059,-43.10719880187142
177.0108958317422,-0.02529164991620992,-13.76773323318428,-43.13535085323555
178.648757485205,-0.02309484266209413,-13.8055611537691,-43.143567378011
180.301774085957,-0.02327898159699247,-13.84627336890267,-43.15704541650572
181.9700858609983,-0.02387111357299973,-13.8912412894609,-43.14566655988946
183.6538343348347,-0.02282077354821528,-13.93201822999731,-43.17914355292223
185.353162341481,-0.02299373635682677,-13.96967747300679,-43.1679583991519
187.0682140365801,-0.02457818490257064,-14.01316535093553,-43.17731144037509
188.7991349096293,-0.02446807554080551,-14.05202585885103,-43.22157709641773
190.5460717963248,-0.02420398571914915,-14.09607734039026,-43.18133606875223
192.3091728910157,-0.02444360373068773,-14.13670682787171,-43.20390412273006
194.0885877592777,-0.02310273589351902,-14.17938592179735,-43.20423900432853
195.8844673505989,-0.02403461328168982,-14.21809622103581,-43.20905572474173
197.696964011186,-0.02386407205591806,-14.26086545813352,-43.24101376278092
199.5262314968879,-0.02457480674841384,-14.3011139002505,-43.23413532384393
201.3724249862388,-0.02357318567913158,-14.34185425087462,-43.23830625801111
203.2357010936221,-0.02391061313121296,-14.38434327421099,-43.23959377887425
205.1162178825565,-0.02476258443479649,-14.42361871436851,-43.25594609699365
207.0141348791041,-0.02434831426647421,-14.46745631891909,-43.25551271333327
208.9296130854039,-0.02374837584246707,-14.50544420675577,-43.26644124233952
210.8628149933289,-0.02466906991548929,-14.54743286426574,-43.26895052578326
212.8139045982711,-0.02339618044925296,-14.59418936617351,-43.29152090286649
214.7830474130533,-0.02562302340461142,-14.63358305039186,-43.28306325574005
216.7704104819694,-0.02490080355017959,-14.67192998019139,-43.28378476195873
218.7761623949552,-0.02305488232661197,-14.71261742620149,-43.2861636074445
220.8004733018899,-0.02297739173071697,-14.75550970451972,-43.26053839116315
222.8435149270303,-0.02473237730799413,-14.79597827898591,-43.29322134315865
224.905460583578,-0.02390765365276834,-14.83263731248908,-43.27783484615156
226.9864851883821,-0.02409837352367836,-14.87693325273776,-43.27981345025131
229.0867652767772,-0.02343283386841392,-14.91666234679068,-43.28860907802154
231.2064790175594,-0.0236890289993642,-14.96173909651275,-43.28643228319692
233.3458062281002,-0.02432916184064493,-14.99919356644072,-43.32030964229715
235.5049283896009,-0.02390052329554064,-15.04091961513786,-43.33404215137097
237.6840286624876,-0.02457626126433172,-15.08148369030027,-43.31599718732278
239.883291901949,-0.02416095013825312,-15.12787820870084,-43.29217069909587
242.1029046736178,-0.02321953354224547,-15.16988176055761,-43.28497508690145
244.3430552693971,-0.02558782233401228,-15.21149755855604,-43.28133895156698
246.6039337234339,-0.02553680218498629,-15.24416427629314,-43.30743179916855
248.885731828239,-0.02324864216664224,-15.28914134193103,-43.27395219518394
251.1886431509579,-0.02339993779134095,-15.33035806294793,-43.30270340306787
253.5128630497907,-0.0236185820502268,-15.37204590573415,-43.26565549157475
255.8585886905645,-0.02464871629932582,-15.41558506150489,-43.31243522400665
258.2260190634596,-0.02346300165302484,-15.45115270895815,-43.27856654797176
260.6153549998895,-0.02472354289664572,-15.50551144591428,-43.28808907747324
263.0267991895382,-0.02482780500007356,-15.53761758882837,-43.25620747212229
265.4605561975539,-0.02572450927697441,-15.57885289537238,-43.27189964618301
267.9168324819032,-0.02350079553010751,-15.62379413595965,-43.27249536429582
270.3958364108843,-0.0231866279709142,-15.66586777017875,-43.26557298193533
272.8977782808041,-0.02381493935730715,-15.70229170742537,-43.27056400112281
275.4228703338166,-0.02519653552537039,-15.75108660712267,-43.23385680045413
277.9713267759288,-0.02745689831367106,-15.78895244878002,-43.21988944736907
280.5433637951713,-0.02637070750199853,-15.8272469942091,-43.20528019314655
283.1391995799379,-0.02424695367968015,-15.87238362465857,-43.23422496263883
285.7590543374947,-0.0236776485869037,-15.9147448962973,-43.20435311125304
288.4031503126606,-0.02386206460324796,-15.958535540322,-43.21821516195134
291.0717118066605,-0.02429060819024943,-16.00282433555486,-43.21853572858404
293.7649651961531,-0.02303996792032716,-16.03247422856806,-43.18525702371623
296.4831389524343,-0.02406311858565539,-16.07900330317933,-43.17814604602174
299.2264636608189,-0.02555271182944505,-16.12718825922806,-43.16122481306849
301.9951720402016,-0.02349779389636045,-16.1680903291005,-43.1921874355436
304.7894989627983,-0.02427084622907774,-16.21328868993477,-43.16659143624165
307.6096814740708,-0.02401435710491779,-16.24938196111871,-43.10401554201304
310.4559588128355,-0.02576771661737592,-16.28562962915823,-43.1245943884219
313.3285724315585,-0.02397511766172061,-16.32423362883613,-43.11009146385968
316.227766016838,-0.02401617665587417,-16.37589668945288,-43.03381864363492
319.1537855100761,-0.0240126122913639,-16.42398237757432,-43.06185806511391
322.1068791283435,-0.0243737951770067,-16.46162931405382,-43.01097410396063
325.0872973854343,-0.02268969276688439,-16.49900013517721,-43.07898067992801
328.0952931131191,-0.02423961917641101,-16.54516546673281,-43.09823486068536
331.1311214825911,-0.02402925735979459,-16.5880652338599,-43.02638556644641
334.1950400261143,-0.02248462378982392,-16.63257039234568,-43.00741673268249
337.2873086588689,-0.02396647412914534,-16.67299252984535,-43.00344918993488
340.4081897010009,-0.0240170177903273,-16.7065141253515,-42.98763083445944
343.5579478998746,-0.02481955606588589,-16.75481828776958,-42.98443255560548
346.7368504525317,-0.02495282001794775,-16.79947065108314,-42.97101223562994
349.9451670283573,-0.0230423423892883,-16.83706102184719,-42.94264172534697
353.183169791957,-0.02313695434940644,-16.88230831563457,-42.89853053524214
356.4511334262443,-0.02336084444767855,-16.93819017177638,-42.90185993669692
359.7493351557423,-0.02424842996850716,-16.96895096407271,-42.84780754156896
363.0780547701014,-0.02488695991269098,-17.01913067812816,-42.82390313833825
366.4375746478333,-0.02498601677580109,-17.05439599136371,-42.77186830210573
369.8281797802662,-0.02281042902578039,-17.09623690029091,-42.80527540782327
373.2501577957207,-0.02424558662602072,-17.1427494715422,-42.75555726755881
376.7037989839089,-0.02375172975291395,-17.18053182458958,-42.78198764122806
380.1893963205612,-0.02519535024921316,-17.23092238918922,-42.77244543505151
383.7072454922788,-0.02280731215696898,-17.27240397380645,-42.76448592929265
387.2576449216173,-0.02207581139920702,-17.32057817646995,-42.70111529123962
390.8408957924021,-0.02296399861199619,-17.35140904622691,-42.67423986540037
394.4573020752785,-0.02561325189581399,-17.40015987055843,-42.68818951821686
398.1071705534973,-0.02404804745887927,-17.4414517258477,-42.62074472768757
401.7908108489401,-0.02283597142659054,-17.48412954287994,-42.60279910937133
405.508535448384,-0.02317421163087034,-17.53285910607149,-42.59592451780122
409.260659730011,-0.02397545841037202,-17.57790607104283,-42.53655617269943
413.0475019901614,-0.02561369702572617,-17.62002440944581,-42.52000060669947
416.8693834703355,-0.02439423451007779,-17.65623345397044,-42.43386919516229
420.7266283844442,-0.02241698747321937,-17.70161632257788,-42.42501087349865
424.619563946313,-0.02324562836669933,-17.74634878503677,-42.41169798176566
428.5485203974397,-0.02459109577320864,-17.79211630149396,-42.34057426790214
432.5138310350088,-0.02287414486230362,-17.84552896422085,-42.35763896955549
436.5158322401661,-0.02346736190957248,-17.8822662290077,-42.31692534467562
440.5548635065534,-0.02494781902729459,-17.9119645740181,-42.34637209427785
444.6312674691088,-0.02147855951833997,-17.96109139213668,-42.25399538073583
448.7453899331323,-0.02411843436452137,-18.00159284259591,-42.23692279146478
452.8975799036209,-0.02211490213441094,-18.05333903658081,-42.20241056948282
457.0881896148752,-0.02486046318148941,-18.08733053335625,-42.19724905056151
461.3175745603796,-0.02428268649650959,-18.14399741459849,-42.07996641833255
465.5860935229591,-0.02512577908827516,-18.17702333352982,-42.07494061313938
469.8941086052156,-0.02636512801511665,-18.22702517390577,-41.9923170651594
474.2419852602449,-0.02505999853909313,-18.25887434141715,-42.03125443935834
478.6300923226385,-0.02397646913352076,-18.30487400520096,-41.94798513956295
483.0588020397728,-0.02207080467874608,-18.34227349519587,-41.95957439216892
487.528490103386,-0.02428966895537116,-18.39380309395969,-41.92664332780153
492.0395356814511,-0.02477180107021661,-18.43739323367541,-41.83966709282284
496.5923214503358,-0.02379209995883583,-18.48156449994529,-41.81984407225406
501.1872336272725,-0.0216310325115936,-18.52551615407429,-41.81877748599834
505.8246620031138,-0.02465383915786232,-18.5559010105825,-41.67468040154063
510.5049999754065,-0.02492283681175058,-18.60977791158695,-41.63087371508553
515.2286445817562,-0.0237982567164846,-18.64816008756284,-41.61232337332229
519.9959965335162,-0.02543276394582983,-18.70030611528935,-41.58196257467197
524.8074602497722,-0.02488640045206014,-18.74008624563053,-41.55923349179618
529.6634438916581,-0.02356211044442144,-18.77586066829723,-41.48259112250406
534.5643593969713,-0.02443648585671293,-18.81403181820535,-41.44272714407185
539.5106225151279,-0.02392715602694803,-18.85340923539526,-41.40870300199224
544.5026528424208,-0.02499950841881539,-18.90319862014639,-41.40399425201005
549.5408738576248,-0.02397104830770686,-18.94759922031322,-41.3071127148323
554.6257129579104,-0.02499466109871881,-18.98646415405087,-41.30554341792606
559.7576014951105,-0.02513972040713327,-19.03042846483399,-41.22005944718072
564.9369748123022,-0.02390772477583807,-19.08443746808792,-41.18371376329968
570.1642722807478,-0.02397861151972147,-19.12102217671751,-41.08932487214756
575.4399373371566,-0.02398179740449487,-19.17366527934544,-41.04645627894593
580.7644175213123,-0.02594470638149825,-19.1974710167274,-40.99595737949414
586.1381645140284,-0.02505452411532639,-19.2425990527464,-40.9587376105021
591.5616341754743,-0.02443924175770197,-19.28788030703754,-40.94353305487225
597.0352865838366,-0.02381741795293781,-19.34521045313917,-40.86725735406463
602.5595860743581,-0.02291063027015208,-19.3807804844665,-40.85440108538648
608.1350012787176,-0.02404597761318939,-19.41580359007732,-40.80243184991356
613.7620051647946,-0.02388734173147042,-19.46088238635368,-40.63769071461196
619.4410750767811,-0.02330191519292519,-19.50881085723526,-40.60382516011205
625.1726927756862,-0.02420364193503479,-19.53664071477052,-40.62271590554032
630.957344480193,-0.0235561992073541,-19.58809823635629,-40.49394829535532
636.7955209079162,-0.02144339249984695,-19.62184772845144,-40.42036993822762
642.6877173170194,-0.02342295908983694,-19.66599275088378,-40.36716858083273
648.6344335482388,-0.02440723915976762,-19.709926988195,-40.29594812710589
654.6361740672747,-0.02429148045909718,-19.75868103967945,-40.31659702806849
660.6934480075957,-0.02599272640886915,-19.79165584993341,-40.27057615805791
666.8067692136219,-0.02540376661824821,-19.8266347678777,-40.15352662225269
672.9766562843175,-0.0260742503874209,-19.86578646954647,-40.0449839381085
679.2036326171843,-0.023752727307756,-19.92560192892863,-40.04826059240391
685.4882264526614,-0.02564063333159194,-19.96010960277304,-39.89800317745722
691.8309709189363,-0.02527908392936438,-20.00122932019247,-39.8951277225635
698.2324040771712,-0.02302375519396248,-20.04814888245871,-39.89774982400012
704.6930689671467,-0.02512117027024791,-20.0949835810781,-39.77934283589623
711.2135136533287,-0.02510174276791293,-20.12000623763331,-39.69346014588748
717.7942912713615,-0.02321129190793074,-20.16282475441086,-39.63568856682778
724.4359600749898,-0.02239734285314671,-20.20613464361356,-39.60946788172522
731.1390834834173,-0.0212125038449588,-20.25350284943105,-39.48101112293556
737.9042301291007,-0.02330224673551026,-20.30111305988129,-39.36152506788127
744.7319739059889,-0.02347465417357905,-20.32678549746765,-39.37299713425529
751.6228940182052,-0.02513480037468832,-20.3734460979128,-39.3239761984463
758.5775750291837,-0.02593503943280396,-20.4058439955147,-39.1816654117836
765.5966069112562,-0.02427470553664223,-20.45652642370928,-39.00256937099581
772.6805850957021,-0.02500529521942435,-20.49920525532418,-39.07788921282142
779.8301105232586,-0.02357391522489734,-20.52792859265502,-39.06560233256805
787.0457896950985,-0.02231513714734558,-20.55344666948615,-38.90876996161069
794.3282347242813,-0.02485140184693174,-20.619978757967,-38.83767324330069
801.678063387679,-0.02331409303503578,-20.64828230485706,-38.76633980563854
809.0958991783822,-0.02236814548907267,-20.68708980052765,-38.76232071723975
816.5823713585922,-0.02349458377441367,-20.73565075734464,-38.63951670870739
824.1381150130021,-0.02404971417044802,-20.76650078746169,-38.49724076552323
831.7637711026708,-0.02467532447740574,-20.81911848570063,-38.41139785634431
839.4599865193973,-0.02318282709032866,-20.86083938738079,-38.28154656622125
847.2274141405964,-0.021359362876232,-20.88977848730588,-38.2712265503202
855.0667128846832,-0.02213296161844597,-20.93082530526669,-38.2145925119718
862.9785477669701,-0.02568522720415124,-20.95403846177664,-38.01434829451352
870.9635899560805,-0.02079990908432628,-20.99816362736222,-37.91705882472132
879.0225168308842,-0.02465810578973864,-21.0381990908651,-37.87422826757559
887.1560120379609,-0.02367434120231844,-21.08449713926635,-38.00231392548537
895.3647655495937,-0.02185035431144737,-21.12745518698632,-37.80052404104665
903.6494737223014,-0.02596822732546789,-21.14733011143695,-37.62994373341218
912.0108393559096,-0.0268057593782268,-21.20798313663987,-37.63345807321764
920.4495717531712,-0.02370320295162503,-21.24549171719555,-37.5262982378249
928.9663867799362,-0.0228720322750386,-21.28011489393584,-37.36172897265004
937.5620069258802,-0.02403671455380614,-21.30634967630705,-37.25728672824873
946.237161365793,-0.02278635714445377,-21.3355111060495,-37.30902768398889
954.992586021436,-0.02393876460275228,-21.38593320879392,-37.13135658875003
963.8290236239706,-0.02364540147202799,-21.42644550633055,-37.03185388646854
972.7472237769651,-0.02627353496820919,-21.45746671429987,-36.97600039320912
981.7479430199844,-0.01878437922115236,-21.48737762299694,-36.72361097991298
990.8319448927675,-0.02608197256895375,-21.53937262463463,-36.80193533823429
1000,-0.02434633578786287,-21.57032023891236,-36.63460049668827
1009.252886076684,-0.02459549037873275,-21.60883301879532,-36.7015882724314
1018.591388054117,-0.02015438136062903,-21.66494372401617,-36.48796104997088
1028.016298126473,-0.02481479602041652,-21.67859405944879,-36.25972032887461
1037.528415818013,-0.02405854336396055,-21.72672426938339,-36.23218860006477
1047.1285480509,-0.02572274160169107,-21.76066278018373,-36.21378250295591
1056.817509213658,-0.02399172937722088,-21.77089253933746,-36.07211395544706
1066.596121230258,-0.02463168899879489,-21.82710161122086,-35.92146013437745
1076.465213629835,-0.02696416976299729,-21.85452947860885,-35.97286484025079
1086.425623617066,-0.02483227815722355,-21.89322170923738,-35.84372151369678
1096.478196143185,-0.02575233875115193,-21.93950247171497,-35.74477888347918
1106.623783977666,-0.02018763566506201,-21.97347001463876,-35.61374856497547
1116.863247780561,-0.02151395945907057,-22.00511979983809,-35.37568533550578
1127.197456175511,-0.02469291510285617,-22.03576679565625,-35.31250037913908
1137.627285823431,-0.02376160331113497,-22.06256204101702,-35.30401068959783
1148.153621496883,-0.02250247774287895,-22.11840414976482,-35.27576592786752
1158.777356155126,-0.02307833850046436,-22.13826713222308,-34.95406817247829
1169.499391019871,-0.02111103857777727,-22.20873228081026,-34.93652330551419
1180.32063565173,-0.0201108015123588,-22.22009267008071,-34.93815474362894
1191.242008027375,-0.02476323073289379,-22.2490493846555,-34.82534921172041
1202.264434617413,-0.0211294036263074,-22.28423808694894,-34.76634896264079
1213.388850464977,-0.02414292381564351,-22.34436779454956,-34.6320660003981
1224.616199265049,-0.02502122968652735,-22.39585637833322,-34.35080664320652
1235.947433444511,-0.02160298819719201,-22.39634354399082,-34.25545954828804
1247.383514242943,-0.02502406420321041,-22.42966462351438,-34.34910202919094
1258.925411794168,-0.01970337524416938,-22.46068489823892,-34.04502301790653
1270.574105208542,-0.02327815098849191,-22.48162441716243,-33.99246592697884
1282.330582656022,-0.02274788418419871,-22.53064772037098,-33.87207511850718
1294.195841449986,-0.02219982405676243,-22.56382358662627,-33.75948114045262
1306.170888131842,-0.02215601233515727,-22.60596455981952,-33.62259340319713
1318.256738556408,-0.02381755002846835,-22.61892473039198,-33.513262669287
1330.454417978091,-0.0218327890006311,-22.65639295667123,-33.47952279642492
1342.764961137864,-0.02292788759844711,-22.69838973504452,-33.21396203314133
1355.189412351035,-0.01982975791221845,-22.71168326733112,-33.12484037235659
1367.728825595849,-0.02731769969194491,-22.76339480272433,-33.08938834992372
1380.384264602884,-0.02315927168303166,-22.79807452792268,-33.07982593811639
1393.156802945304,-0.02389876680414182,-22.80658908663872,-33.02223611616034
1406.047524129913,-0.02568286633330364,-22.82780761386123,-32.66737163397245
1419.057521689092,-0.02041451163150194,-22.89099403758904,-32.70597531520046
1432.187899273542,-0.02239320032798793,-22.93944936806403,-32.63942053490562
1445.439770745928,-0.02190973731325489,-22.94267747334917,-32.5706589290097
1458.814260275347,-0.02255543532382869,-22.94765799615023,-32.26489196254633
1472.312502432719,-0.02018996138713816,-23.02715235078314,-32.17988745498877
1485.935642287006,-0.02097175499831602,-23.04847818650214,-32.16685711738857
1499.684835502374,-0.02071862208487734,-23.06752882986556,-31.94875112357592
1513.561248436207,-0.02052779337662076,-23.08952702795956,-31.83128076272391
1527.566058238073,-0.02654664356817506,-23.15919071621541,-31.78063444793415
1541.700452949558,-0.02537330595907367,-23.14528477414182,-31.57112442302963
1555.965631605075,-0.02272441090025262,-23.22994241896156,-31.48156743950716
1570.362804333551,-0.02490322659318806,-23.24017191652507,-31.44426896670718
1584.893192461114,-0.02656820996150478,-23.25495324898212,-31.08686537918389
1599.558028614668,-0.02102897302312023,-23.29986188295532,-31.00512020590051
1614.358556826487,-0.0220678713289927,-23.27894410096405,-31.02151726780889
1629.296032639721,-0.02191897489151628,-23.34474187092703,-30.93967423835245
1644.371723214932,-0.02420250142683688,-23.37258583708754,-30.89844392054415
1659.58690743756,-0.01892598224331221,-23.39302844310626,-30.69721407333478
1674.942876026438,-0.02077051143818739,-23.45341022196423,-30.55604927916409
1690.440931643263,-0.02078099242284819,-23.46019008635703,-30.34641422983347
1706.082389003124,-0.02417618761725656,-23.44582605943262,-30.32561001946819
1721.868574986006,-0.02038427456779031,-23.50187156144669,-30.16361336215973
1737.800828749376,-0.02224848085110852,-23.52251399163769,-29.95353615852929
1753.88050184176,-0.02289422234567887,-23.56745111595351,-30.00807733585047
1770.108958317422,-0.02107895379608072,-23.58648720578734,-29.87089582860719
1786.48757485205,-0.01770765274240611,-23.59272768942717,-29.73986049850204
1803.01774085957,-0.02077752529255306,-23.64342231566614,-29.63440269350716
1819.700858609983,-0.01913111160279993,-23.69837356198548,-29.63951248533712
1836.538343348347,-0.01980115520072531,-23.70049779977654,-29.29171113460384
1853.531623414811,-0.02243495624757864,-23.72212040975944,-29.18636771619686
1870.682140365802,-0.02142252558418678,-23.72745047929514,-29.22165119548494
1887.991349096293,-0.01774086464470953,-23.79478284606412,-28.94831410802939
1905.460717963248,-0.02216304051417466,-23.81441532507244,-28.81926133113118
1923.091728910158,-0.0207269968940648,-23.83454796956881,-28.67786342739025
1940.885877592779,-0.02546966690345671,-23.83924598859602,-28.51386400711965
1958.844673505989,-0.02054690591556402,-23.87301724061569,-28.48822260668373
1976.969640111862,-0.02212481697811674,-23.90973464037175,-28.37754150917797
1995.262314968879,-0.01827115261888856,-23.96166102713873,-28.13073527369619
2013.72424986239,-0.02365690151214461,-23.93603077407228,-28.27243079959355
2032.357010936221,-0.02402675762478206,-24.00090275517144,-28.07543365362997
2051.162178825567,-0.02154632013142141,-24.03258744918757,-27.7571606631525
2070.141348791041,-0.02192431625327248,-24.04011050006179,-27.75323828144533
2089.296130854041,-0.02104394470593442,-24.06483400149658,-27.75840929794609
2108.628149933289,-0.01977059198841842,-24.10257970025189,-27.48295132999554
2128.139045982713,-0.01993460398309737,-24.12226385462318,-27.33971465436058
2147.830474130533,-0.02003742094990005,-24.14621789058332,-27.15540010214333
2167.704104819696,-0.02142575779593962,-24.14898905223562,-27.17446819547463
2187.761623949552,-0.01947547918784417,-24.16646771709664,-26.97412694640778
2208.004733018902,-0.01836309454406519,-24.198374260591,-26.93844546621348
2228.435149270303,-0.02280026429832976,-24.23487175718852,-26.83096996291764
2249.054605835783,-0.01822181727473977,-24.25706963597887,-26.58672989753818
2269.864851883821,-0.0200727348107597,-24.30183591444779,-26.31835118147208
2290.867652767774,-0.0233676840721098,-24.32945961394726,-26.32406047849498
2312.064790175594,-0.02338243207305038,-24.35099906232787,-26.14060091167654
2333.458062281004,-0.01810463615432016,-24.34577475798563,-26.04582397588019
2355.049283896009,-0.01755098089307472,-24.38979809251282,-25.82938135721086
2376.840286624876,-0.01926341301308253,-24.39239067938957,-25.78634756907749
2398.83291901949,-0.0188537173985396,-24.36835566154823,-25.63756806964654
2421.029046736178,-0.02452410889187784,-24.43788542885749,-25.69812199446108
2443.430552693971,-0.01873152160244311,-24.45500753591991,-25.61413969015484
2466.039337234339,-0.01822567477264511,-24.46169289512758,-25.39372678039959
2488.85731828239,-0.0181732070740156,-24.50930716008796,-25.24384706124084
2511.886431509579,-0.01757897144713257,-24.51040532133884,-25.28149857806351
2535.128630497907,-0.01795158180282973,-24.53435955841806,-25.07204933354207
2558.585886905645,-0.01873335779345375,-24.58975307511068,-24.91733606988328
2582.260190634596,-0.01845378742680566,-24.57163767260365,-24.72578935595999
2606.153549998895,-0.02067365547520205,-24.64323706338467,-24.62514717707411
2630.267991895381,-0.02181735414809403,-24.60363625075532,-24.41440058575581
2654.605561975539,-0.02133758894281357,-24.64403468580074,-24.47065894161473
2679.168324819032,-0.02037107358028359,-24.68608060681603,-24.39692220135524
2703.958364108843,-0.01896214742102928,-24.67937869371583,-24.11342253064149
2728.977782808041,-0.02080203506391374,-24.69847253037909,-24.08583262945163
2754.228703338166,-0.01906893617662221,-24.75442017491191,-23.97179511606409
2779.713267759288,-0.01830628228959279,-24.78780472018284,-23.97814593068441
2805.433637951713,-0.01854074481504713,-24.75448122955815,-23.6803197854955
2831.391995799378,-0.01986642069035038,-24.74621845913049,-23.51233328571512
2857.590543374947,-0.01677858773718469,-24.79974626154735,-23.47642203538358
2884.031503126605,-0.02142517349787235,-24.86821493240171,-23.50312000521778
2910.717118066605,-0.01804709548655716,-24.8906005589445,-22.98534507070337
2937.64965196153,-0.019004142686447,-24.86460030627571,-22.93799089582559
2964.831389524342,-0.01580896289731496,-24.88450991561878,-22.8388319896994
2992.264636608189,-0.01471563733722187,-24.91070560666766,-23.05633677897079
3019.951720402016,-0.01823657627568206,-24.94469321763876,-22.69621108259156
3047.894989627983,-0.01685521407736201,-24.93210674159086,-22.77890773117836
3076.096814740708,-0.01593054486764517,-24.97538082773416,-22.56124804445369
3104.559588128356,-0.01811750835126546,-24.9763349966699,-22.37992326052502
3133.285724315586,-0.01637367564885689,-25.00279520299653,-22.09824266482325
3162.277660168379,-0.01895119041267806,-24.98904388249676,-22.22765722487776
3191.537855100762,-0.01685679378424437,-25.0350009103407,-21.87637386737788
3221.068791283435,-0.0183406364767182,-25.05065722179543,-21.7888121182454
3250.872973854344,-0.01591351798522527,-25.05357183615181,-21.73952090891086
3280.952931131191,-0.0188841640484968,-25.07227166582555,-21.72954619005384
3311.311214825911,-0.01431596438583432,-25.10591666002547,-21.43109736692302
3341.950400261142,-0.0161319283002173,-25.14164227222846,-21.57993444553074
3372.873086588689,-0.01808457395973857,-25.12526650374653,-21.31925845182998
3404.081897010009,-0.01760533471325108,-25.14403096079663,-21.20488831413914
3435.579478998746,-0.01563148227275522,-25.18051433537001,-20.93376327889382
3467.368504525317,-0.01608284828472345,-25.17888153702753,-21.09131747592651
3499.451670283573,-0.01951175234123975,-25.23950292107735,-20.57708400811154
3531.83169791957,-0.01863723346588118,-25.23994448208915,-20.68057289991654
3564.511334262443,-0.01943143590280934,-25.24777804547028,-20.53227384866753
3597.493351557423,-0.0105996919704414,-25.26829352532661,-20.47068341045658
3630.780547701014,-0.0203487606884584,-25.23420755826927,-20.40556295536154
3664.375746478333,-0.0121197779138641,-25.30356539097802,-20.43366113009709
3698.281797802663,-0.01310971126203593,-25.33463520923882,-20.39490064281095
3732.501577957206,-0.01357895712224224,-25.32055035622715,-20.248165998584
3767.037989839089,-0.0120949557175068,-25.3707913195265,-20.06545753598151
3801.893963205613,-0.01935030296265535,-25.34812875297854,-19.82649541037236
3837.072454922788,-0.01423302647101127,-25.33827682996449,-19.58651178482026
3872.576449216173,-0.01244784497350677,-25.37533445273677,-19.36002834077165
3908.408957924021,-0.01556205235116596,-25.34642767106135,-19.4466823748297
3944.573020752785,-0.01105936074831418,-25.43882582984779,-19.2956715263877
3981.071705534973,-0.01425062884380253,-25.4063471834868,-19.22200752272921
4017.908108489401,-0.01157600281142713,-25.44572686045519,-19.12257927577419
4055.085354483839,-0.01342225029081393,-25.4299056736559,-19.09996563517868
4092.60659730011,-0.01770001391881719,-25.47181708011365,-18.80324074275291
4130.475019901615,-0.01243763461737818,-25.4852143349976,-18.77567455530077
4168.693834703356,-0.01529799132977671,-25.49371309526979,-18.76156086949191
4207.266283844442,-0.008603339092703641,-25.50954504809561,-18.63420663466461
4246.19563946313,-0.0135108864456359,-25.49547181263557,-18.40327780916977
4285.485203974393,-0.01627252703574727,-25.5178366676582,-18.29994867612989
4325.138310350088,-0.01078798241046684,-25.54964299616923,-18.35975466679554
4365.158322401657,-0.0123662934116661,-25.57962149030809,-18.14655587200276
4405.548635065535,-0.01500875611871356,-25.55125165194341,-17.84438251897095
4446.312674691083,-0.01205152938228566,-25.61466165495411,-17.8331245112284
4487.453899331323,-0.007666730279093788,-25.60312729962573,-18.0225736453655
4528.975799036205,-0.01163467300451956,-25.60772072099989,-17.7217823667866
4570.881896148752,-0.01192256458559161,-25.56426648520031,-17.34856924203494
4613.175745603791,-0.01048435642991524,-25.62677707235013,-17.67545859120944
4655.860935229592,-0.01302142440703778,-25.6662114733572,-17.54510229282708
4698.941086052151,-0.01310551165764817,-25.64045952034675,-17.07025617071214
4742.419852602448,-0.01008589285655606,-25.69232809064763,-17.26278574952941
4786.30092322638,-0.006693823126246154,-25.7277477147419,-17.28244221729369
4830.588020397728,-0.007005148699816324,-25.67250105219182,-17.07105804662791
4875.28490103386,-0.01339647952707557,-25.70106196175748,-16.75847375221002
4920.395356814512,-0.01224096105779446,-25.78667705699918,-16.8101852410266
4965.923214503357,-0.01005456798909288,-25.77814508947559,-16.68148831422879
5011.872336272725,-0.00821190726745874,-25.78969301634424,-16.43672725756318
5058.246620031137,-0.008622591138678391,-25.73791263961765,-16.65944440642551
5105.049999754065,-0.004708252461886473,-25.78368539908328,-16.51848416355759
5152.286445817562,-0.008216681535452687,-25.76074246649879,-16.1022166239179
5199.959965335162,-0.01205136680327808,-25.80306056234419,-16.35059993172334
5248.074602497722,-0.01339598381154127,-25.807606355306,-15.85306959434476
5296.634438916581,-0.007592269585106065,-25.80068091568936,-16.16774531582602
5345.643593969713,-0.01076434489128223,-25.80971691751364,-15.83185532011893
5395.106225151279,-0.009975781506623269,-25.82548382363726,-15.75626530946359
5445.02652842421,-0.00673520174251213,-25.87363185580244,-15.53277308301766
5495.408738576248,-0.008985617092094981,-25.88159710577296,-15.6635786601701
5546.257129579105,-0.01455761333378967,-25.82712721968356,-15.32209326975245
5597.576014951104,-0.009423973154499145,-25.85455042220395,-15.38753756202928
5649.369748123022,-0.008158332395588488,-25.84951969688487,-14.97639548805498
5701.642722807478,-0.008277930021201189,-25.91448026490122,-15.23474693121467
5754.399373371567,-0.01061641038335638,-25.89096341076463,-15.70043298524632
5807.644175213123,-0.006704480494096273,-25.92742119659797,-15.20080746603081
5861.381645140284,-0.006371856123781357,-25.9764855732319,-14.93019237534467
5915.616341754743,-0.02168445034069327,-25.90956988430527,-15.08610856412591
5970.352865838367,-0.003348885654727616,-25.96829915821171,-14.70867695149653
6025.59586074358,-0.00156062697371545,-25.99120017354022,-14.64087550936105
6081.350012787176,-0.01587739877426499,-25.96038747366447,-14.61938030234516
6137.620051647946,-0.009985563480529598,-25.99834832397943,-14.46377818924481
6194.410750767812,-0.007117816725363999,-26.01731862419187,-14.27507030644934
6251.726927756862,-0.01231158267989628,-26.02914655377273,-14.28922504581155
6309.57344480193,-0.006050941523354616,-26.06268163185923,-14.06399645972098
6367.955209079162,-0.002773538440938174,-26.0263112456369,-13.96922413670595
6426.877173170194,-0.00268596908083054,-26.03268069665378,-14.05730649961097
6486.344335482388,-0.01311928989802294,-26.07077964896803,-13.95415692969073
6546.361740672747,-0.003303875887257765,-26.04546334490099,-14.03812650865864
6606.934480075965,2.609547062576801e-05,-26.1072397765036,-13.55812429712998
6668.067692136219,-0.006375211038590884,-26.1061488941836,-13.49066375579599
6729.766562843181,-0.01067917751027004,-26.10993170593549,-13.61777957664341
6792.036326171843,-0.0008364379830501149,-26.08428830705457,-13.39469996123243
6854.882264526621,-0.00293866789969218,-26.09241364554018,-13.39252633123597
6918.309709189362,-0.01278903634143029,-26.09240473143353,-13.36744578021482
6982.324040771719,-0.003838805008723233,-26.14791300013769,-13.46934410956086
7046.930689671467,-0.001115665566867744,-26.12283972534715,-12.94582233943379
7112.135136533296,-0.002169461117097967,-26.11879159282829,-13.08630712600231
7177.942912713615,-0.01200910223188667,-26.14520316958982,-13.03398636951837
7244.359600749906,-0.001778590199024056,-26.09354982032215,-13.02351411687084
7311.390834834172,0.002121644929626263,-26.14455080335893,-12.96376910167186
7379.042301291015,-0.002104826706006735,-26.17172221992493,-12.68020352988495
7447.319739059889,-0.01342373512817872,-26.13873552020724,-12.64370225009168
7516.228940182053,0.001211926481053061,-26.18526214128647,-12.48158219006248
7585.775750291836,-0.002213745776087893,-26.13980449386526,-12.62011200567675
7655.966069112561,0.0006023314119906158,-26.21652590546837,-12.64242088315164
7726.805850957022,-0.01114270799474957,-26.17490473491324,-12.6961733436619
7798.301105232586,-0.005496847581400172,-26.18535229513751,-12.30373606233894
7870.457896950985,0.001303218146947347,-26.23876882743676,-12.0656217376976
7943.282347242814,-0.001334465845458027,-26.19258502667695,-11.92715781225211
8016.780633876789,-0.005621022811034219,-26.18796392151533,-11.91786933491291
8090.958991783822,-0.004515750025285511,-26.27512398674859,-11.69888858723387
8165.823713585922,0.0009170364849094774,-26.26891671435345,-11.37493818511236
8241.381150130022,0.0002822162383310578,-26.25912936056072,-11.66932235300404
8317.637711026709,-0.001172482774143831,-26.23586726527477,-11.72523466496909
8394.599865193974,-0.01281992192494159,-26.25922175389642,-11.26305842797908
8472.274141405964,0.0004609142351082531,-26.26188241711986,-11.86502914218124
8550.667128846831,0.002654189048492624,-26.24905004669231,-11.28438209509216
8629.785477669702,0.007193571307385287,-26.36016518196227,-11.64059885239331
8709.635899560804,-0.002291914871604855,-26.34552383251772,-11.09401718819562
8790.225168308843,-0.006367448617872142,-26.26198575536583,-11.06383303903249
8871.560120379609,0.0009554031814042758,-26.24975719540874,-11.07741578998408
8953.647655495937,0.003000137693834018,-26.33908041277668,-11.16736521868825
9036.494737223014,0.003127796856671949,-26.36963908650669,-11.43447392007519
9120.108393559096,-0.002572354900314633,-26.31689454212692,-11.10063530951121
9204.495717531712,-0.007833921724386407,-26.2779286231405,-10.34832340109255
9289.663867799363,0.002881703260908306,-26.3961101994714,-10.89197731383935
9375.620069258801,0.004131620064888077,-26.33258469896617,-10.66782065684453
9462.37161365793,0.00595800198840055,-26.33952911024903,-10.96599124477243
9549.925860214358,-0.002770483556821005,-26.36888253690649,-10.13024592070902
9638.290236239705,0.0005361771682527594,-26.39321899330438,-10.56633288643311
9727.472237769651,0.007300043851567045,-26.34443205549734,-10.63124495349789
9817.479430199843,0.001944503263886897,-26.34929165736267,-10.3184499096001
9908.319448927676,0.006099682483876549,-26.32507682009337,-10.36727923009275
10000,0.001217613385906977,-26.38497478034242,-10.2164518204513
10092.52886076684,-0.004855146076990161,-26.44771277453763,-10.01837369286401
10185.91388054117,0.003463518246208146,-26.38720699192569,-10.30335498600652
10280.16298126474,0.006893770021462593,-26.46959569158481,-10.14188166819058
10375.28415818013,0.0093755799457173,-26.45664490810658,-10.17166363777523
10471.285480509,0.007570574454699403,-26.40833133073565,-9.739318784846375
10568.17509213659,-0.001899976924743714,-26.39444816669928,-9.716135781396957
10665.96121230258,0.003904057846573543,-26.39527918333542,-10.01900551957657
10764.65213629835,0.008041299466346618,-26.4205699548327,-10.13171111028021
10864.25623617066,0.008140895314351229,-26.50974476441867,-9.345045761822146
10964.78196143185,0.008343425729076951,-26.45134273856471,-9.531842027632841
11066.23783977666,0.00379544887589721,-26.54025609856511,-9.229805424847711
11168.63247780561,-0.005106443134727282,-26.51173511700459,-9.685621311957874
11271.97456175511,0.003805681679009397,-26.48445812107396,-9.203702913094403
11376.27285823431,0.008604764817358597,-26.43577276791182,-9.64047653452343
11481.53621496883,0.00718995743491439,-26.51718310048311,-9.533421215518146
11587.77356155126,0.007924458516483726,-26.50694949720745,-9.621816555021297
11694.99391019871,0.01294697337230069,-26.45547490873229,-8.984319957689763
11803.2063565173,0.0003974903129006695,-26.52365343963668,-9.195617654969954
11912.42008027375,0.007495061186155041,-26.50034681870387,-9.457988690229698
12022.64434617413,0.01131457649850783,-26.53973879946511,-9.252106322556187
12133.88850464977,0.007707167979763368,-26.52816866746515,-8.704698869745602
12246.16199265049,0.01249447207516242,-26.51943992865526,-9.021717903573261
12359.47433444511,0.0101591135479322,-26.4762481326045,-8.748949603564164
12473.83514242943,0.005086484160100159,-26.4475731745117,-9.156150535666775
12589.25411794167,-0.005188381970588403,-26.51751550025448,-9.390283251719865
12705.74105208542,0.009288824632625578,-26.51729893726295,-8.414230873084108
12823.30582656022,0.01076860419557131,-26.54862595292403,-8.403475464889254
12941.95841449986,0.009362483320845395,-26.51811468469403,-9.293911052923132
13061.70888131842,0.01137359165009178,-26.57525146298648,-8.305216631979022
13182.56738556407,0.01101001391460717,-26.52096835404432,-8.177978337310208
13304.54417978091,0.00741260458986114,-26.52053634595042,-8.502931800163957
13427.64961137864,-0.004977156869764044,-26.5255622773313,-8.258434497900991
13551.89412351036,0.01384079654094195,-26.59125548527014,-8.404103678401011
13677.28825595849,0.01268000883226646,-26.51371405486472,-7.822817460697053
13803.84264602885,0.01590897977528128,-26.55573894030475,-8.025982527666471
13931.56802945304,0.01750963157657659,-26.6413854487291,-7.895578229846478
14060.47524129914,0.01143811479700836,-26.55464537978978,-7.804190548904316
14190.57521689093,0.01718059687198399,-26.62606376586822,-8.136798568845535
14321.87899273544,0.007343582079170891,-26.6238322718289,-7.263562043241592
14454.39770745928,0.004026163653517286,-26.56766992861312,-7.682092574417425
14588.14260275349,0.01929345361817403,-26.70404714261672,-7.779160619054203
14723.12502432719,0.01073872338173303,-26.60485402592898,-7.637170073685724
14859.35642287007,0.01255061471081046,-26.60393468557534,-7.591428798056683
14996.84835502374,0.01112311501073013,-26.53984822136981,-7.39944862522475
15135.61248436209,0.01410955509680807,-26.58199455625005,-7.335681622095137
15275.66058238073,0.01668260877009705,-26.63431246487626,-7.096175200443758
15417.0045294956,0.008392869873914795,-26.58948139194722,-7.407442567143875
15559.65631605075,0.00590507462646858,-26.62794890040454,-7.548757900636843
15703.62804333553,0.01526307640348974,-26.6214286315507,-7.202370064750294
15848.93192461114,0.0120425675456579,-26.64644634122669,-7.470799901123332
15995.58028614669,0.01875603035101215,-26.71502752344725,-7.079334011355794
16143.58556826487,0.01260829060655683,-26.58788378463434,-7.439416875050338
16292.96032639723,0.01438901207539856,-26.55441772997752,-7.313232412592697
16443.71723214932,0.01705662135710849,-26.60827386364425,-7.113360063013431
16595.86907437561,0.01567211456306392,-26.62892149166243,-6.734526836913621
16749.42876026438,0.004220054808798496,-26.67197307693438,-6.926960953963743
16904.40931643265,0.01450487334061287,-26.61013306200293,-7.097736532425529
17060.82389003124,0.01797735742572237,-26.64431552741394,-6.861754333420535
17218.68574986008,0.02260568934143442,-26.72266742267032,-6.828626278251107
17378.00828749376,0.01804139883768462,-26.67076602973019,-6.881874472930221
17538.80501841762,0.0121918967948967,-26.64923933063686,-7.351161082152743
17701.08958317422,0.0085888315358107,-26.68682067983639,-6.790797808677596
17864.8757485205,0.02225871463667621,-26.69049317449652,-6.865611613708083
18030.17740859568,0.01621321479924906,-26.63704098898432,-6.63110093610937
18197.00858609983,0.01235347719662767,-26.64471201052445,-6.216023304924519
18365.38343348346,0.009180091913580365,-26.67987427007911,-6.551287864760223
18535.31623414811,0.01269072987971043,-26.65465508405438,-6.62256576932937
18706.821403658,0.01579377158702725,-26.66293641459296,-6.429028219347487
18879.91349096292,0.01896797744297502,-26.77134348336842,-6.285858075670347
19054.60717963246,0.01905269952818633,-26.78080896114648,-6.54931178617538
19230.91728910158,0.01984165002173167,-26.72369628240713,-6.285091038841699
19408.85877592778,0.003222584534847305,-26.69722174984537,-6.245227466416424
19588.44673505989,0.02075850961700128,-26.69353826771712,-6.239956861067168
19769.6964011186,0.02225159664694597,-26.7195907618946,-6.053697109298497
19952.62314968879,0.01963134180576293,-26.7013432563671,-5.811346457842895
20137.24249862387,0.003091467796487951,-26.74534422655213,-6.576491037659679
20323.57010936221,0.01705637416965946,-26.73176677153257,-6.148132677037637
20511.62178825564,0.02056228058252895,-26.70537088829778,-6.112251138626775
20701.41348791042,0.02391528357453265,-26.78630247631863,-6.31208229100605
20892.96130854039,0.01897093549434032,-26.78415204292981,-5.933286793005557
21086.28149933289,0.02116182926936455,-26.74481284242743,-5.781787557102625
21281.39045982711,0.01646860125063704,-26.77825614348778,-6.068944479847346
21478.30474130533,0.01307694645807456,-26.6847036992152,-5.416930307885161
21677.04104819694,0.01994141505341628,-26.72940536059907,-5.747997296944938
21877.61623949552,0.02066083896199271,-26.7561090179887,-6.020886198496584
22080.04733018899,0.01896362963474207,-26.72291705609023,-5.696906209566627
22284.35149270303,0.01398450386519776,-26.74326830302466,-5.683708899744204
22490.54605835781,0.01752125664797243,-26.76631053718328,-6.027672535756182
22698.64851883821,0.0226918236672655,-26.72403724847225,-5.708250542377847
22908.67652767772,0.02478660881762001,-26.74882570405764,-5.280767448960802
23120.64790175594,0.02389999014811052,-26.7803169180538,-5.707942465055368
23334.58062281002,0.02432710532751037,-26.78205505326441,-5.576113994607965
23550.49283896009,0.0176553390817803,-26.76924555661078,-5.390901620312817
23768.40286624876,0.009954692964020621,-26.76876502535273,-5.422328918103858
23988.3291901949,0.02481842265404707,-26.78149171473927,-5.448015275856847
24210.29046736178,0.02570701998098198,-26.77423029734804,-5.11448138045283
24434.30552693972,0.02118726969167323,-26.80711829018545,-5.384172807767214
24660.39337234339,0.02363367178421173,-26.78323793246648,-4.869201098213523
24888.5731828239,0.0251618449444065,-26.81742078136715,-5.546652326090523
25118.86431509579,0.01544303549853737,-26.75071440985992,-5.104635264143639
25351.28630497907,0.02422458640880035,-26.81425662352747,-5.523045331317434
25585.85886905645,0.02206195955648991,-26.77653255754377,-5.082057333847615
25822.60190634596,0.02488929181855181,-26.80232489630853,-4.911235310087861
26061.53549998895,0.02517186280809294,-26.81130257535162,-4.789068044297949
26302.67991895381,0.02344162950584409,-26.83112025318281,-4.252002775941095
26546.05561975539,0.02559842828285224,-26.75268922221425,-4.950820309429034
26791.68324819031,0.0202935222737218,-26.83423090099325,-4.906517004801472
27039.58364108843,0.02525535497640833,-26.81354604867161,-4.901478430021001
27289.77782808041,0.02929268459207741,-26.78749413691154,-4.617130825964608
27542.28703338166,0.02801301418895834,-26.85155741395106,-4.728168957513397
27797.13267759288,0.0313553292726511,-26.84077954911446,-4.697696168135735
28054.33637951713,0.02620417905629422,-26.79950827343772,-4.522157200647541
28313.91995799379,0.0242112916386604,-26.8245963972169,-4.437825885588097
28575.90543374947,0.02274205428324613,-26.80872039428913,-5.295213173131799
28840.31503126606,0.02005704937657365,-26.85433821235943,-4.536746388762367
29107.17118066605,0.03275718673633985,-26.79826614360174,-4.907519043873222
29376.49651961531,0.03302599184382074,-26.78967400395015,-4.687593597317935
29648.31389524342,0.02929452024705027,-26.82558330324119,-4.738398597010473
29922.64636608189,0.0304332494640704,-26.83957119991029,-4.322303264412568
30199.51720402016,0.03174859203335988,-26.89464247054244,-4.335603109065801
30478.94989627983,0.01993555314433789,-26.80912450451834,-4.178134752444322
30760.96814740708,0.02665276500449165,-26.88602443063412,-4.360085589110838
31045.59588128356,0.03635841918946402,-26.9192371638925,-4.388683534189141
31332.85724315586,0.03349915441339699,-26.87369270231562,-4.305774177707789
31622.77660168379,0.0293867539463169,-26.79677429214043,-4.87162566321463
31915.37855100762,0.0333342457800266,-26.86593522718269,-4.268741147252101
32210.68791283435,0.01790724034011887,-26.88226107126551,-4.109467834274952
32508.72973854344,0.03160440390788604,-26.88602219865653,-4.745878468732826
32809.5293113119,0.0324662666703329,-26.87988455969371,-4.278474689531176
33113.11214825911,0.03600138776508984,-26.92886776486081,-4.095164298736591
33419.50400261143,0.02912886647979904,-26.87471881031065,-3.994873479094196
33728.73086588689,0.02128260493192131,-26.82507013929221,-3.837863669969721
34040.81897010009,0.03003093097791237,-26.89658073246499,-4.205521105239526
34355.79478998746,0.03133143414704473,-26.85700417609912,-4.166421835549585
34673.68504525317,0.03540650051988993,-26.86792689422425,-3.940955674344423
34994.51670283573,0.03518463274342044,-27.02196406143634,-4.184095004878543
35318.3169791957,0.03326768416749482,-26.90699205318351,-3.972172445277394
35645.11334262443,0.016624237108921,-26.87729508174793,-4.110838928204373
35974.93351557424,0.03617273709918028,-26.95582545866853,-3.013072826753429
36307.80547701014,0.03842133887268249,-26.94084386526168,-3.888577431045348
36643.75746478333,0.03648020735440828,-26.92565936002508,-4.153507772795336
36982.81797802663,0.03867910307140363,-26.85686117612188,-3.987557061173241
37325.01577957207,0.03697604268022342,-26.88706291118364,-3.690154385331539
37670.37989839089,0.02138100687150589,-26.86579750069253,-4.186890465996811
38018.93963205612,0.03456300866980064,-26.93882594048294,-3.79657109278909
38370.72454922788,0.03658069592678645,-26.870677529469,-4.144738857585196
38725.76449216172,0.04198307201295644,-26.93448716057347,-3.667200581666521
39084.08957924022,0.03642646005124688,-26.88278192849286,-3.865658736396748
39445.73020752785,0.03419558324975396,-26.84371522353896,-3.237826078981271
39810.71705534973,0.04401713623835822,-26.96245768104655,-3.533580206778765
40179.081084894,0.02481348003280297,-26.87881819286481,-4.138524864172133
40550.85354483839,0.03863016933449444,-26.94896579060504,-3.751086130912995
40926.0659730011,0.04552950709570572,-26.8887873920978,-3.712100990402121
41304.75019901615,0.04059971677297497,-27.04917382368556,-3.756816654773893
41686.93834703355,0.03671303924682664,-26.94560648155061,-3.847285226724949
42072.66283844442,0.04685810557777469,-26.9532104517782,-3.389048764286187
42461.9563946313,0.03621524775872639,-26.85719392276838,-3.641582338060772
42854.85203974396,0.03635831128082795,-26.95736948265747,-3.864586130735219
43251.38310350088,0.04523662928778983,-26.94357865492229,-3.339838393645977
43651.58322401661,0.04193950747935621,-26.97249758519338,-3.220241856356793
44055.48635065534,0.04688566255857538,-26.92639872781997,-3.263552619094952
44463.12674691089,0.04660427134217263,-27.07377529305317,-3.129504323038844
44874.53899331323,0.04043728421335209,-27.00488390427561,-3.764613935396881
45289.75799036209,0.03702979394791613,-26.98476417045524,-3.802747079689766
45708.81896148752,0.04703893959407023,-26.95426517545646,-2.876792574226009
46131.75745603795,0.04174944734598822,-26.95859551212113,-2.868116353103673
46558.60935229591,0.04994997188072363,-26.87670655222967,-3.244070539094437
46989.41086052156,0.04953458103269657,-26.91670031862014,-3.41319422637639
47424.19852602448,0.03805958719957202,-27.05366515251339,-3.033866302803801
47863.00923226385,0.0423379009867972,-26.96270346289285,-2.759285632866859
48305.88020397729,0.05003379742667319,-26.95074585744552,-3.258450313017725
48752.84901033866,0.04561629944503681,-26.94396304064954,-3.827459727841923
49203.95356814511,0.04312472643013353,-26.87947688391031,-3.381540702532506
49659.23214503363,0.04143103296998614,-26.95352446120475,-2.829292473011122
50118.72336272725,0.03886980519896275,-26.90487682649738,-2.315589123384406
50582.46620031143,0.03994469947621232,-27.00945122784789,-2.811366231880555
51050.49999754065,0.04515434080254115,-27.06481608526755,-2.810304102467001
51522.86445817567,0.0487112120028475,-27.0042783621581,-2.694996694925351
51999.59965335162,0.04901836505108754,-27.05551016929755,-2.898512922719689
52480.74602497728,0.0509177436235016,-27.09296709843491,-2.733778162280302
52966.34438916581,0.04100394907340948,-26.90645987596995,-3.028454345854414
53456.43593969719,0.03607665596070377,-26.86324119742181,-2.388132978186608
53951.06225151279,0.04938924700200112,-26.96148402939463,-2.855706781764212
54450.26528424214,0.05139465832671639,-26.98661740674988,-2.290343598131244
54954.08738576248,0.05167864079567699,-27.02073422626237,-2.623477802348447
55462.5712957911,0.05184539902023905,-27.05971560346739,-2.131504720645339
55975.76014951104,0.04989466219230555,-27.03800049078282,-2.36063427455089
56493.69748123022,0.0413454441802005,-26.96562863121184,-2.733260975254041
57016.42722807472,0.05352855421254969,-27.08365162496444,-2.912465071392134
57543.99373371567,0.06216772920524123,-26.95539418912099,-2.618366125498824
58076.44175213118,0.04473665784577623,-26.98177186684118,-2.199905149652466
58613.81645140285,0.05269158082878762,-27.02236991339246,-2.655317308516615
59156.16341754737,0.04867769833652762,-26.95946772143535,-2.239376347718533
59703.52865838366,0.04980858261863386,-27.00310022647836,-2.169493909579099
60255.95860743574,0.06146513733299017,-27.00729066366694,-1.831597700307739
60813.50012787176,0.05672739672934438,-26.88150529470962,-2.597265210711292
61376.2005164794,0.05564803291582844,-27.0018268374914,-2.296537782460494
61944.10750767812,0.05934592882887239,-26.93200862345723,-2.530840549880097
62517.26927756855,0.04327371457539814,-26.94882712611686,-2.48429747875095
63095.73444801931,0.05499444467262811,-27.01991666554413,-2.214058919791654
63679.55209079156,0.05625601388888157,-26.92235495012952,-3.145429374737439
64268.77173170193,0.05675610834764719,-26.99391935381504,-2.782183506566327
64863.44335482382,0.05991029294998462,-26.92647938654121,-2.19503493277027
65463.61740672747,0.05136152879311577,-26.9672953215235,-1.790177864543097
66069.34480075957,0.06076005075536173,-27.08519869703607,-1.812724449742205
66680.67692136219,0.0553220294922739,-27.04041436722404,-2.451016452315159
67297.66562843176,0.04765770594779054,-27.04985896247578,-2.643671161483319
67920.36326171843,0.05759865336831553,-26.89972013762055,-2.424200063795581
68548.82264526613,0.06097832156426403,-27.01955462969848,-2.178064891237452
69183.09709189364,0.0539124233437976,-27.05704817837119,-2.72301955497435
69823.24040771712,0.05636273516942678,-27.08681191658618,-2.5825661911026
70469.30689671467,0.05917269132677341,-27.07617546424709,-2.45331708558038
71121.35136533288,0.04682962337512967,-27.00108450152739,-2.158769394980894
71779.42912713616,0.05227832283408029,-27.09417293819562,-2.375779696160834
72443.59600749899,0.06499829448413602,-27.13551991125076,-2.120427709957681
73113.90834834172,0.06959771199392391,-27.0645902775377,-2.613695465862747
73790.42301291008,0.06598256327872593,-26.97725342364996,-2.304499080918253
74473.19739059889,0.06669137305390403,-27.03325410371729,-2.298992106433872
75162.28940182053,0.05170166063703216,-27.09515099662139,-2.651298406825404
75857.75750291836,0.05559163700075961,-27.06063913992825,-2.23985106187979
76559.66069112561,0.0703005778375928,-27.088145370732,-1.893101067261128
77268.05850957023,0.06349925037183834,-27.06919797433629,-1.714698493413266
77983.01105232586,0.06560978752612813,-26.98670599738332,-1.772999767429766
78704.57896950985,0.07251984300270725,-27.03354892885596,-2.694249487570133
79432.82347242814,0.05418766968868376,-27.03445326347042,-2.919713817776142
80167.8063387679,0.06473194890112144,-27.04819295321057,-2.316366302271348
80909.58991783821,0.06589458579685437,-27.1248434343677,-1.76124517770771
81658.23713585922,0.06434120013332854,-27.07526991360317,-1.764675432924093
82413.81150130021,0.07626456672482616,-27.06165211658384,-1.991403917496029
83176.37711026709,0.05786741851594484,-27.11319228490674,-2.505658225096383
83945.99865193974,0.06756659243441668,-27.07344817847932,-2.924337056634471
84722.74141405964,0.07029454267457697,-27.07712211919112,-2.048742446163686
85506.67128846832,0.07692447258290064,-26.99732631258092,-1.641496794955707
86297.85477669702,0.06692798432279293,-27.12268304495639,-2.376224466312365
87096.35899560805,0.06669257493120978,-26.97913322461314,-0.7651354663988883
87902.25168308843,0.07065368548732803,-26.96088467486764,-2.557915845231471
88715.60120379608,0.07287806961917837,-27.07639004087259,-2.203394411124229
89536.47655495937,0.08121391282828154,-27.07186688722354,-1.678332447777535
90364.94737223013,0.0729831119800036,-26.99926942685882,-2.153051447361207
91201.08393559097,0.07113944577579791,-27.00659905048764,-2.662761476241172
92044.95717531712,0.07489809270161696,-27.12278784829505,-2.075921612820792
92896.63867799363,0.07224453376809327,-27.03130997628582,-2.123805699871411
93756.20069258803,0.07607247894590652,-27.02347444059419,-1.931719033061341
94623.7161365793,0.08149368221068537,-27.07313804233743,-1.524667763567223
95499.25860214359,0.06115533800761088,-27.04191739818132,-1.683803271489403
96382.90236239704,0.08075265848818049,-27.14761773105204,-1.803947789685083
97274.72237769651,0.08387735197876453,-27.0656826831949,-1.231567794907704
98174.79430199844,0.08129698760891649,-27.07566947785091,-1.728691161970332
99083.19448927676,0.07325960393509992,-27.12882467312909,-1.209719669497058
100000,0.07585479052727286,-27.17298840038337,-0.945295068699437
100925.2886076685,0.06677954118963629,-27.12212977666711,-1.567822527822671
101859.1388054117,0.07655517050338742,-27.14390421098734,-2.271610724701944
102801.6298126474,0.0776288368599901,-27.10518866822088,-1.390014237324935
103752.8415818013,0.07325427357573358,-27.19702424761748,-1.584747063049775
104712.85480509,0.07841303185370198,-27.14926643083841,-1.3411661908413
105681.7509213658,0.07031510774117793,-27.13431248974037,-0.9093774621857023
106659.6121230258,0.06752210513964202,-27.05452247568072,-1.52802424979344
107646.5213629835,0.07275796627341706,-27.13728916460745,-1.579576400590895
108642.5623617066,0.0814949085364209,-27.03402763978382,-1.587967354021224
109647.8196143185,0.07810091759228498,-27.11704228225368,-1.765885211665946
110662.3783977666,0.07933908283738725,-27.09045617873341,-1.702293166442672
111686.3247780561,0.08165467673878812,-27.0293748329486,-1.684317112211133
112719.745617551,0.06858553058824515,-27.13614410048519,-1.309250633063215
113762.7285823431,0.08311433039764038,-27.05985494221022,-2.358409888569362
114815.3621496883,0.08714178612131399,-27.07590358509574,-1.106463650381215
115877.7356155126,0.08984806120213421,-27.09374906986444,-1.101584563395278
116949.9391019871,0.08156773715418178,-27.23741915210173,-1.614925508077718
118032.063565173,0.07998882040891467,-27.18158474703978,-2.185814211662915
119124.2008027375,0.06737918396131186,-27.06159478233961,-1.558889421354397
120226.4434617413,0.08795528404290653,-27.12820410546932,-2.223042297997694
121338.8850464977,0.07806129625482465,-27.10285019037069,-1.195802571835713
122461.6199265049,0.08866145505263899,-27.15329496267715,-1.020866425921412
123594.7433444511,0.08858717758491158,-27.1103141202988,-1.211857190603226
124738.3514242943,0.0668117839545638,-27.02095393204647,-1.383291607580034
125892.5411794168,0.07755928709091287,-27.16569984440995,-1.128779712808267
127057.4105208542,0.08352448473117524,-27.17078431117871,-1.131308231891268
128233.0582656022,0.08265681619268608,-27.15979555949036,-1.664420958378287
129419.5841449986,0.08192889874910915,-27.25505735840111,-1.616020107987808
130617.0888131842,0.07504352223004132,-27.22621264221851,-0.7475796791641898
131825.6738556407,0.07224422084060685,-27.15074635089211,-1.302512031283094
133045.4417978092,0.0828754200304834,-27.01713736530135,-1.323878610838698
134276.4961137864,0.09141417207389163,-27.20082019877588,-0.1695633877915554
135518.9412351036,0.08848898073164854,-27.0342728162373,-1.069299670607421
136772.8825595849,0.07152716075118333,-26.99364856649944,-1.122503117995393
138038.4264602885,0.07126956959101666,-27.12698331559839,-1.575156909978993
139315.6802945303,0.08374046695930559,-27.22356585676996,-1.504701996386913
140604.7524129914,0.08103422519536521,-27.23280988981139,-0.6483845790413092
141905.7521689093,0.08050373908522274,-27.13608536339574,-0.3438879319720254
143218.7899273544,0.06887230561499437,-27.10509718667642,-1.127848994756135
144543.9770745928,0.07934842847014754,-27.11535165052595,-1.073625630295165
145881.4260275349,0.08845957514930121,-27.18574609345464,-0.6239980206443079
147231.2502432719,0.08627157468479527,-27.24918518968197,-0.9530764559213836
148593.5642287007,0.07883455632612008,-27.24717818332147,-0.9775377167425034
149968.4835502374,0.07250552410558964,-27.16469172045358,-2.030181560720379
151356.1248436209,0.07856272826981214,-27.111679822191,-1.390745283037575
152756.6058238073,0.08574398860115476,-27.11396610822123,-0.9927293720922989
154170.045294956,0.08420516830313725,-27.0740744326562,-0.7140108462276942
155596.5631605075,0.06021687665190372,-27.20052313291223,-0.8348427507062723
157036.2804333553,0.07902608381046324,-27.20037685308824,-0.8493816689888494
158489.3192461114,0.07992950868955881,-27.12130201430242,-1.028708391013197
159955.802861467,0.08453912377748338,-27.20326547139772,-1.266313763446149
161435.8556826487,0.0731225010336656,-27.07235908628127,-1.103091465080468
162929.6032639723,0.07367021256615562,-27.08482200432734,-1.112202324983585
164437.1723214932,0.07425822813388451,-27.16609577828829,-1.159817232692041
165958.6907437561,0.07582445534375838,-27.13774042288199,-0.6625818304176505
167494.2876026438,0.06660688486082786,-27.07365617618492,-0.2531425356139323
169044.0931643265,0.07735435620106075,-27.09787234777523,-1.151938690361916
170608.2389003124,0.07910456138632775,-27.08032991829996,-0.6081626123585262
172186.8574986008,0.06818072391884483,-27.11730321470722,-0.9673990623400641
173780.0828749376,0.06088265744857074,-27.24089804746067,-0.9272281689916468
175388.0501841762,0.07462770869263644,-27.20541553098423,-1.455452154563659
177010.8958317422,0.07054999907770956,-27.13340091957616,0.1034711274377145
178648.757485205,0.08046431776199614,-27.18482230620656,-0.6557834165207481
180301.7740859568,0.06470622890920151,-27.14676308919094,-0.4638046725347493
181970.0858609983,0.07459158915252997,-27.16269528842492,-1.164510422110541
183653.8343348346,0.08894558797290339,-27.23048995522778,-0.4354238907764341
185353.162341481,0.06947775237645425,-27.1526283614163,-0.796012428553901
187068.21403658,0.07515147687905294,-27.15192402304268,-0.9242242747199043
188799.1349096293,0.07197123520286,-27.17492809081488,-0.06784869699755802
190546.0717963246,0.07500070842670964,-27.16605776689825,-0.3439700676133519
192309.1728910158,0.05983140575040968,-27.29217263153413,-0.9007847915614704
194088.5877592777,0.06880557191949607,-27.14778023501335,-0.2098585733421352
195884.4673505989,0.07732762763165703,-26.96509931278564,-1.05534686523508
197696.964011186,0.07500541719936085,-26.95285563616131,-1.137255898551174
199526.2314968879,0.06827925243500386,-27.0207799523565,-1.141323517423274
201372.4249862388,0.05118842513570653,-26.97801435782727,-0.2500813541464595
203235.7010936221,0.06458315747764246,-26.97747500686853,-0.2236172974340604
205116.2178825565,0.08467064385112978,-27.02934102928623,-0.956810473888396
207014.1348791042,0.08320255484868205,-27.08811692901577,0.3228589708025709
208929.6130854039,0.07546696031845015,-27.03714404788546,-1.631111441510768
210862.8149933289,0.07291219309864413,-27.16541182258381,-1.024004733731516
212813.9045982711,0.06403263320420241,-27.08787868004165,-0.3173023958430008
214783.0474130533,0.06657069541772288,-27.13439466339716,-1.299855958184835
216770.4104819694,0.0748522363785782,-27.05578902158699,-0.02407227713452897
218776.1623949552,0.07072571291063981,-26.92484545254733,0.8922210916873468
220800.4733018899,0.05278804201635501,-27.01812852398632,-0.6188400537021863
222843.5149270303,0.06622848314424384,-27.12647568023836,-0.8481542351823634
224905.460583578,0.06597851180959928,-27.07003800485394,-0.5483105436961395
226986.4851883821,0.06385311230093799,-27.07231377127195,-0.04135980164087982
229086.7652767772,0.07205727591091154,-27.16088381737188,-0.6795591735547077
231206.4790175594,0.06625029903565006,-27.06179647747071,-0.3547074144940723
233345.8062281002,0.05367811480934673,-27.0165828540751,0.2346936669130173
235504.9283896009,0.06917783547203944,-27.11767270256191,-0.4867402828252274
237684.0286624876,0.05101252432893645,-27.02702871592672,0.295824685081302
239883.291901949,0.05616834104401887,-27.07242279248576,-0.06283705479349777
242102.9046736177,0.05166325296345847,-27.01072057231365,-0.09618175386295036
244343.0552693971,0.04657500364105487,-27.08202456531031,0.01142664809219696
246603.9337234339,0.06088109742250902,-27.13101145197652,0.189668913142043
248885.731828239,0.0489923349334043,-27.13761418171268,0.4198981860902506
251188.643150958,0.04662562883460536,-27.02791764562761,0.6431795472810222
253512.8630497907,0.05301006410892033,-26.91709119685697,-0.784898126316449
255858.5886905646,0.04807001128233218,-27.10785861528559,-0.9355770597410071
258226.0190634596,0.07372989596515335,-26.96644360774718,-0.8718231674296248
260615.3549998895,0.04428244402928599,-27.18950129015476,-0.01325312762722319
263026.7991895381,0.04116933596111146,-27.16457171899328,-0.5888359283587477
265460.5561975539,0.04882957865363229,-27.22913133258374,-0.1311962571879235
267916.8324819031,0.0430965829372786,-27.05706681157547,-0.5774298496141625
270395.8364108843,0.04959553843744968,-27.14311234899261,0.2213235324305387
272897.7782808041,0.03931963081848418,-27.11864311990132,-1.136289433865489
275422.8703338166,0.02446945465532515,-27.05689110504032,1.312146899139506
277971.3267759288,0.0541071275273798,-27.10135462173149,-0.1733364636738628
280543.3637951713,0.05403441467496548,-27.08541730246032,0.7707180552633019
283139.1995799379,0.05039053659441927,-26.90644872987273,-0.7191466620291322
285759.0543374947,0.04114894777833732,-27.05458867370687,-0.4614230950262197
288403.1503126606,0.04922473135082596,-27.15408505458873,-0.71252414961846
291071.7118066605,0.04626841062833503,-27.32511781048402,-0.7034250049368822
293764.9651961531,0.03780545030421938,-27.16942518336113,0.07362383441600429
296483.1389524342,0.04709622665698662,-27.12388193713116,0.2241708133652622
299226.4636608189,0.02697047699711556,-27.07256108553825,0.7291016899414728
301995.1720402016,0.0292076864502682,-27.07637649938336,0.1932188509408945
304789.4989627983,0.0382396652003362,-27.10286893346866,0.2365123876636943
307609.6814740708,0.0308621521829669,-27.17228903522744,0.7483044672387393
310455.9588128356,0.02170757413599503,-27.07427837818645,-1.521038925907845
313328.5724315585,0.03270542554959933,-27.20845854581227,-0.633194972647118
316227.766016838,0.02900139160623414,-27.01267412911147,-0.6522792023033901
319153.7855100762,0.03155049318395949,-27.02968191256405,0.07762322018594148
322106.8791283435,0.03192708599818934,-27.10685600460248,-0.09260877086051522
325087.2973854344,0.02530268336591146,-27.21624834198369,0.4326115020069699
328095.293113119,0.02771348870025019,-27.25084553410068,0.06886819625309215
331131.1214825911,0.03420695643483616,-27.21570785789663,0.3213516541007664
334195.0400261143,0.02711091593103413,-27.02984248684779,0.8891042131298263
337287.3086588689,0.01653262154349235,-27.19334933533371,0.1068921310828657
340408.1897010009,0.0290322104431629,-27.02331834690728,0.3872139229823333
343557.9478998746,0.02274950357358127,-27.0854463598493,-0.035927819248883
346736.8504525317,0.019586366130197,-27.15542922459067,-0.602703650023301
349945.1670283573,0.0142152362002318,-27.11164889465233,0.003534002735676722
353183.169791957,0.02251500505102928,-27.06094964284859,-0.2109695048547167
356451.1334262443,0.02163115971072457,-27.05762224227065,0.3792958586293622
359749.3351557424,0.0007880891115446983,-27.02103491449586,-0.05011097904638717
363078.0547701014,0.01634733379536644,-27.11916403397001,0.4563163423037366
366437.5746478333,0.01639031915172693,-27.06883201106333,0.5159376986501343
369828.1797802662,0.02060770322298105,-27.11224675146141,0.04206368680697636
373250.1577957206,0.01913724625306706,-27.14250452598488,0.5278551844126582
376703.798983909,0.008039024445301605,-27.0657686927128,0.1348744195301279
380189.3963205612,0.009410246838732629,-27.16017807494818,0.28895078439934
383707.2454922788,-0.006097453839363356,-27.03394119653346,-0.3358427508688919
387257.6449216173,0.00545706159706626,-27.06339484651354,0.02048420611129131
390840.8957924021,0.01050528120982637,-27.15137615569558,0.6159187932844432
394457.3020752785,0.01069298652442013,-27.11325072986064,0.4351408687342087
398107.1705534973,0.00496573208287507,-27.15113574301028,0.04147727220262709
401790.81084894,0.008508313087563469,-27.081713986158,0.703858179418404
405508.5354483839,0.00243183497888069,-27.15939143048375,0.3540643355783004
409260.659730011,-0.01708433877316483,-27.06674974379231,0.7165919038150488
413047.5019901614,0.006149192278474155,-27.15322305700758,-0.1769368080064879
416869.3834703355,0.002478046647054466,-27.09494452848929,-0.1901837190517597
420726.6283844442,-0.008520809672877933,-27.09591001220616,0.2552174260275706
424619.563946313,-0.005450837611486207,-27.11785822017312,0.6250039731718928
428548.5203974396,-0.001796234587654705,-27.0780579305801,0.663773963715613
432513.8310350088,-0.008166587518288568,-27.1252354448945,1.082870140675972
436515.8322401661,-0.005108466787207009,-27.17376829772765,0.6051943805320832
440554.8635065534,-0.01207416444820754,-27.17784191487055,0.6566657902959432
444631.2674691088,-0.00678190014190263,-27.08642235253254,0.3362255464822823
448745.3899331323,-0.008033284804714044,-27.16396948757183,0.6862078462134278
452897.5799036209,-0.01106220235565245,-27.09846962000557,0.4030855641475739
457088.1896148752,-0.02392140847887115,-27.06060497483021,0.3930156791033603
461317.5745603796,-0.01906138265556723,-27.12343088317099,0.8943613384168145
465586.0935229591,-0.008997432095852503,-27.07421377560923,0.2814053059777848
469894.1086052156,-0.02816863200589145,-27.14780691731897,0.6838259391333708
474241.9852602448,-0.01275868898770611,-27.06093272308271,1.922204504012484
478630.0923226385,-0.01524635037908329,-26.979048173463,0.2395405238122805
483058.8020397729,-0.01858371503601718,-27.15833337827439,1.038085882417334
487528.4901033865,-0.02144640804131197,-27.14192391360448,0.3926389452573744
492039.5356814511,-0.02196817161367754,-27.09537065481509,0.5403527990592352
496592.3214503363,-0.01867382899922271,-27.17358605798389,0.7156606881813303
501187.2336272725,-0.01572891534850669,-27.06545707078169,0.7231167356269168
505824.6620031143,-0.03341469953185942,-27.10568749027356,1.158960175059534
510504.9999754064,-0.02383148396110877,-27.13536953254592,0.6004881488204319
515228.6445817567,-0.02513347972749122,-27.16439108243154,0.3044367689969363
519995.9965335163,-0.03658586942744606,-27.18051099133788,0.9167968336658703
524807.4602497729,-0.02651478274054322,-27.0999483037933,1.137364561247637
529663.4438916581,-0.03190648948037347,-27.11754170712016,0.7668943993096491
534564.3593969719,-0.02994312988054325,-27.12368634107077,0.8080122668722254
539510.6225151279,-0.02810588410768251,-27.13779230660521,0.9452125896424661
544502.6528424216,-0.0406794405728724,-27.07674393216905,1.254523635645299
549540.8738576248,-0.03021955656278203,-27.20161231095033,1.276397304216005
554625.7129579111,-0.04334048629386728,-27.21271822080563,1.12040964127891
559757.6014951104,-0.03728830435531271,-27.16590760034044,1.159748949645206
564936.9748123022,-0.03990747797837102,-27.10995201405548,1.611775591492659
570164.2722807472,-0.03577886998515534,-27.12593657744528,1.136162571413578
575439.9373371566,-0.03909320888460997,-27.13215895305514,1.217713304120238
580764.4175213118,-0.04379688393141531,-27.15124593524432,1.484656995896117
586138.1645140285,-0.04429369221734738,-27.11222639122143,0.9630487810736525
591561.6341754737,-0.05069646401037849,-27.11715969634195,0.9026810029241119
597035.2865838367,-0.03618015895223898,-27.12057067198472,1.914394055160813
602559.5860743575,-0.04360949182327986,-27.20424787910753,1.283011740777908
608135.0012787177,-0.04247568377466846,-27.16066538201526,1.138893560303728
613762.0051647939,-0.04538215595565349,-27.17490861099269,1.349192841389922
619441.0750767811,-0.04554602689818987,-27.09530968266774,1.860202388364497
625172.6927756856,-0.04843914377961469,-27.09671709217848,1.302426395573832
630957.344480193,-0.04823596268860905,-27.15099261768756,1.277981174090057
636795.5209079155,-0.04819335718763398,-27.14051091802302,1.310649528550414
642687.7173170194,-0.05086497123515874,-27.15864648454321,1.428734130027777
648634.4335482381,-0.04805606679817942,-27.11969950177394,1.601628570147604
654636.1740672747,-0.05314787153468402,-27.13785800760733,1.713445653031542
660693.4480075957,-0.05383119665068223,-27.1594590265253,1.425642376558272
666806.769213622,-0.05608131540573211,-27.1414714233296,1.217009601819086
672976.6562843175,-0.0583341512047983,-27.15865884799654,1.283373379801489
679203.6326171843,-0.05574857946178563,-27.11843202849096,1.258965861334985
685488.2264526613,-0.06031820451712266,-27.11570707828276,1.716272109369498
691830.9709189363,-0.05865503377936557,-27.09615253555149,1.524873181426543
698232.4040771711,-0.05505973747392444,-27.13159144202696,1.655459905282044
704693.0689671467,-0.0621478795726512,-27.09470891684275,1.748439782228175
711213.5136533289,-0.06327619460698328,-27.09211221328374,2.118802750407998
717794.2912713615,-0.06535817540914407,-27.13101893954282,1.783446482077736
724435.9600749899,-0.06159615684316098,-27.1832352459144,1.504461222330107
731139.0834834173,-0.06346273736042252,-27.1476417551659,1.421351399432623
737904.2301291007,-0.07484244235076631,-27.13968509618433,1.926537433573088
744731.9739059889,-0.06794669529433339,-27.13581706990243,1.79009664907872
751622.8940182052,-0.07566086569331164,-27.06484746737258,1.966212404824034
758577.5750291835,-0.06383061442450172,-27.12300981264039,2.006485732868043
765596.6069112562,-0.0665308113901226,-27.12735695915502,1.816227547205983
772680.5850957021,-0.07393998038040393,-27.26671765350261,1.349886496393623
779830.1105232586,-0.07049778722856832,-27.15222844855194,1.798103461810442
787045.7896950984,-0.08818862560896534,-27.1712561502913,2.225062409293301
794328.2347242814,-0.07488167535405499,-27.12915473478338,2.434554709108667
801678.0633876791,-0.07492574554860995,-27.16699465356036,2.039777131961017
809095.8991783821,-0.07447178786071146,-27.20188420753357,1.947430583150691
816582.3713585923,-0.07755611285714106,-27.15542991581937,2.697754638904804
824138.1150130022,-0.09441721305000411,-27.12312717552528,2.448978653408048
831763.7711026708,-0.07759577976766679,-27.17357633167115,2.217334344984081
839459.9865193974,-0.0798703722129421,-27.14926873026272,2.252257707477789
847227.4141405963,-0.08859195233214302,-27.15782822568346,2.372298182667166
855066.7128846832,-0.08358489459612538,-27.12900534734744,2.660770951182784
862978.5477669701,-0.08383743007675309,-27.11448346418215,2.322520837086074
870963.5899560805,-0.08533565226777842,-27.12680878918837,2.60784854288719
879022.5168308843,-0.08245731145966964,-27.10883649657204,2.48390536780018
887156.0120379608,-0.08928306811389135,-27.12050907291964,2.268956288354996
895364.7655495937,-0.09149335326707708,-27.13943532410978,2.337673300991639
903649.4737223014,-0.08563831026328972,-27.20827302091638,3.084932514846074
912010.8393559096,-0.08892334919975992,-27.21693704830384,2.37352255974605
920449.5717531712,-0.09539936898240965,-27.13374033293657,2.925429985991201
928966.3867799363,-0.09385673261581462,-27.15058104145029,2.66659718636874
937562.0069258802,-0.09072037360997715,-27.07003661256863,2.620610137500009
946237.161365793,-0.1108731708883068,-27.13256580218017,2.675836392253274
954992.5860214359,-0.09496658165931568,-27.11073682605425,3.019675526243304
963829.0236239705,-0.09609183683102195,-27.08668604685229,3.113576672629868
972747.2237769651,-0.09680737477367451,-27.1064578434204,2.874496328353857
981747.9430199844,-0.1089026768912777,-27.11115753135011,2.529873129704129
990831.9448927676,-0.1013243573809119,-27.11779134362342,3.200551217985208
1000000,-0.1035762620761194,-27.08123041060889,3.138251234050443
